Workbook
Name タスク_開始: '2026'!$E1
Name タスク_開始: '2027'!$E1
Name タスク_開始: #REF!
Name タスク_終了: '2026'!$F1
Name タスク_終了: '2027'!$F1
Name タスク_終了: #REF!
Name タスク_進捗状況: '2026'!$D1
Name タスク_進捗状況: '2027'!$D1
Name タスク_進捗状況: #REF!
Name プロジェクトの開始: '2027'!$E$3
Name プロジェクトの開始: '2026'!$E$3
Name 今日: TODAY()
Name 今日: TODAY()
Name 週表示: '2027'!$E$4
Name 週表示: '2026'!$E$4

Sheet 2026
A1: このワークシートでプロジェクトのスケジュール​​を作成します。 セル B1 には、このプロジェクトのタイトルを入力します。 このワークシートの使用方法に関する情報 (スクリーン リーダーの説明やブックの作成者など) は、"詳細情報" ワークシートに入ります。 列 A を下方に移動し続けると、さらに多くの情報を確認できます。 | B1: 2Dバイクカスタムガレージ
A2: セル B2 には会社の名前を入力します。 | B2: R4S1 ARMY
A3: セル B3 に、プロジェクト主任の名前を入力します。セル E3 には、プロジェクトの開始日を入力します。プロジェクトの開始: ラベルはセル C3 にあります。 | C3: プロジェクトの開始: | E3: 46321
A4: セル E4 の週表示は、セル I4 のプロジェクトのスケジュールに表示する開始週を表します。プロジェクトの開始日は、第 1 週と見なされます。週表示を変更するには、セル E4 に新しい週番号を入力します。 セル E4 の週表示から始まる各週の開始日は、セル I4 から始まり、自動計算されます。このビューには、セル I4 からセル BF4 までの 8 週間が表示されます。 これらのセルは変更しないでください。 週表示: ラベルはセル C4 にあります。 | C4: 週表示: | E4: 1 | I4: =I5 -> 46321 | P4: =P5 -> 46328 | W4: =W5 -> 46335 | AD4: =AD5 -> 46342 | AK4: =AK5 -> 46349 | AR4: =AR5 -> 46356 | AY4: =AY5 -> 46363 | BF4: =BF5 -> 46370
A5: セル I5 から BL5 には、各日付のセルの上にあるセル ブロック内に表示される週の日付の数字が含まれており、自動的に計算が行われます。 これらのセルは変更しないでください。 今日の日付は、行 5 の今日の日付からプロジェクト スケジュールの最後まで日付列全体が赤 (16 進値 #AD3815) で囲まれます。 | I5: =プロジェクトの開始-WEEKDAY(プロジェクトの開始,1)+2+7*(週表示-1) -> 46321 | J5: =I5+1 -> 46322 | K5: =J5+1 -> 46323 | L5: =K5+1 -> 46324 | M5: =L5+1 -> 46325 | N5: =M5+1 -> 46326 | O5: =N5+1 -> 46327 | P5: =O5+1 -> 46328 | Q5: =P5+1 -> 46329 | ... BL5: =BK5+1 -> 46376
A6: この行には、その下に続くプロジェクトのスケジュールの見出しが含まれます。 コンテンツを読み上げるには、B6 から BL 6 に移動します。その見出しの上にある日付の各曜日の最初の文字が、セル I6 から始まってセル BL6 まで続きます。 すべてのプロジェクトのタイムライン グラフは、条件付き書式を使用して、入力された開始日と終了日に基づいて自動生成されます。 セル I7 から始まる列 I 以降の列のセルの内容を変更しないでください。 | B6: タスク | C6: 担当者 | D6: 進捗状況 | E6: 開始 | F6: 終了 | H6: 日数 | I6: =LEFT(TEXT(I5,"aaa"),1) -> 月 | J6: =LEFT(TEXT(J5,"aaa"),1) -> 火 | K6: =LEFT(TEXT(K5,"aaa"),1) -> 水 | L6: =LEFT(TEXT(L5,"aaa"),1) -> 木 | M6: =LEFT(TEXT(M5,"aaa"),1) -> 金 | N6: =LEFT(TEXT(N5,"aaa"),1) -> 土 | O6: =LEFT(TEXT(O5,"aaa"),1) -> 日 | P6: =LEFT(TEXT(P5,"aaa"),1) -> 月 | ... BL6: =LEFT(TEXT(BL5,"aaa"),1) -> 日
A7: この行は削除しないでください。この行は、プロジェクトのスケジュール内にある現在の日付を強調表示するために使用されている数式を保持するために非表示になっています。 | H7: =IF(OR(ISBLANK(タスク_開始),ISBLANK(タスク_終了)),"",タスク_終了-タスク_開始+1)
A8: セル B8 には、フェーズ 1 のサンプルのタイトルが含まれます。 セル B8 に新しいタイトルを入力します。 プロジェクトに該当する場合は、セル C8 にフェーズを割り当てる名前を入力します。 プロジェクトに該当する場合は、セル D8 にフェーズ全体の進捗状況を入力します。 プロジェクトに該当する場合は、フェーズ全体の開始日と終了日をセル E8 と F8 に入力します。 ガント チャートは自動的に適切な日付を入力し、入力した進捗状況に応じて網かけを設定します。 フェーズを削除してタスクからのみ作業をするには、この行を削除するだけです。 | B8: 1.基本設計書 | H8: =IF(OR(ISBLANK(タスク_開始),ISBLANK(タスク_終了)),"",タスク_終了-タスク_開始+1)
A9: セル B9 には、サンプル タスク "タスク 1" が含まれます。 セル B9 に、新しいタスク名を入力します。 セル C9 にタスクを割り当てるユーザーを入力します。 セル D9 のタスクの進捗状況を入力します。進行状況バーは、セル内に表示され、セルの数に従って網かけを適用します。たとえば、50% の進捗状況はセルの半分に網かけを設定します。 セル E9 にタスクの開始日を入力します。 セル F9 にタスクの終了日を入力します。 入力した日付の網かけのステータス バーは、セル I9 から始まる BL9 までのブロックに表示されます。 | B9: システム構築方針 | C9: 上釜 | D9: 0.8 | E9: 46316 | F9: 46326 | H9: =IF(OR(ISBLANK(タスク_開始),ISBLANK(タスク_終了)),"",タスク_終了-タスク_開始+1) -> 11
A10: 行 10 から 13 は、行 9 のパターンを繰り返します。 このワークシート内のすべてのタスク行に対し、セル A9 の手順を繰り返します。サンプル データはすべて上書きします。 別のフェーズのサンプルは、セル A14 から始まります。 セル A10 から A13 までにタスクの入力を続けるか、セル A14 に移動して詳細を確認します。 | B10: 制約条件・前提条件 | C10: 上釜 | D10: 0.8 | E10: 46316 | F10: 46326 | H10: =IF(OR(ISBLANK(タスク_開始),ISBLANK(タスク_終了)),"",タスク_終了-タスク_開始+1) -> 11
B11: システム概要 | C11: 上釜 | D11: 0.8 | E11: 46316 | F11: 46326 | H11: =IF(OR(ISBLANK(タスク_開始),ISBLANK(タスク_終了)),"",タスク_終了-タスク_開始+1) -> 11
B12: システム構成 | C12: 上釜 | D12: 0.8 | E12: 46316 | F12: 46326 | H12: =IF(OR(ISBLANK(タスク_開始),ISBLANK(タスク_終了)),"",タスク_終了-タスク_開始+1) -> 11
B13: 機能設計（詳細は、2.機能設計） | C13: 全員 | D13: 0.8 | E13: 46316 | F13: 46339 | H13: =IF(OR(ISBLANK(タスク_開始),ISBLANK(タスク_終了)),"",タスク_終了-タスク_開始+1) -> 24
B14: 画面設計（詳細は、3.画面設計） | C14: 全員 | D14: 0.8 | E14: 46316 | F14: 46339 | H14: =IF(OR(ISBLANK(タスク_開始),ISBLANK(タスク_終了)),"",タスク_終了-タスク_開始+1) -> 24
B15: 帳票設計 | C15: 江副 | D15: 0.8 | E15: 46316 | F15: 46339 | H15: =IF(OR(ISBLANK(タスク_開始),ISBLANK(タスク_終了)),"",タスク_終了-タスク_開始+1) -> 24
B16: DB設計（詳細は、4.DB設計） | C16: 全員 | D16: 0.8 | E16: 46316 | F16: 46339 | H16: =IF(OR(ISBLANK(タスク_開始),ISBLANK(タスク_終了)),"",タスク_終了-タスク_開始+1) -> 24
B17: コード設計（詳細は、5.コード設計） | C17: 全員 | D17: 0.8 | E17: 46316 | F17: 46339 | H17: =IF(OR(ISBLANK(タスク_開始),ISBLANK(タスク_終了)),"",タスク_終了-タスク_開始+1) -> 24
B18: 性能・運用・信頼性設計（詳細は、6.性能・運用設計） | C18: 全員 | D18: 0.8 | E18: 46316 | F18: 46339 | H18: =IF(OR(ISBLANK(タスク_開始),ISBLANK(タスク_終了)),"",タスク_終了-タスク_開始+1) -> 24
B19: 各種設計図（詳細は、7.設計図） | C19: 全員 | D19: 0.6 | E19: 46316 | F19: 46356 | H19: =IF(OR(ISBLANK(タスク_開始),ISBLANK(タスク_終了)),"",タスク_終了-タスク_開始+1) -> 41
B20: プログラミング（詳細は、8.プログラミング） | C20: 全員 | E20: 46327 | F20: 46402 | H20: =IF(OR(ISBLANK(タスク_開始),ISBLANK(タスク_終了)),"",タスク_終了-タスク_開始+1) -> 76
B21: 各種テスト（詳細は、9.各種テスト） | C21: 全員 | E21: 46327 | F21: 46402 | H21: =IF(OR(ISBLANK(タスク_開始),ISBLANK(タスク_終了)),"",タスク_終了-タスク_開始+1) -> 76
B22: 発表準備（詳細は、10.発表準備） | C22: 全員 | E22: 46405 | F22: 46409 | H22: =IF(OR(ISBLANK(タスク_開始),ISBLANK(タスク_終了)),"",タスク_終了-タスク_開始+1) -> 5
B23: 内部発表 | C23: 全員 | E23: 46412 | F23: 46421 | H23: =IF(OR(ISBLANK(タスク_開始),ISBLANK(タスク_終了)),"",タスク_終了-タスク_開始+1) -> 10
B24: 外部発表 | C24: － | E24: 46427 | F24: 46427 | H24: =IF(OR(ISBLANK(タスク_開始),ISBLANK(タスク_終了)),"",タスク_終了-タスク_開始+1) -> 1
A25: 右のセルには、フェーズ 2 のサンプルのタイトルが含まれます。 B 列に、いつでも新しいフェーズを作成できます。このプロジェクトのスケジュールには、フェーズは不要です。フェーズを削除するには、行を削除するだけです。 この行に新しいフェーズ ブロックを作成するには、右のセルに新しいタイトルを入力します。 上記のフェーズにタスクの追加を続けるには、この行の 1 つ上に新しい行を入力し、セル A9 の説明のようにタスク データを入力します。 セル A8 の説明に基づいて右側のセルのフェーズの詳細情報を更新します。 詳細については、A 列のセルを下に移動します。 このワークシートに新しい行を追加していない場合は、セル B20 と B26 に 2 つの追加のサンプル フェーズ ブロックが作成され表示されます。それ以外の場合、A 列のセルを移動して追加のブロックを探します。 必要に応じて、セル A8 と A9 の手順を繰り返します。 | B25: 2.機能設計 | H25: =IF(OR(ISBLANK(タスク_開始),ISBLANK(タスク_終了)),"",タスク_終了-タスク_開始+1)
B26: 機能一覧の洗い出し | C26: 上釜 | D26: 0.8 | E26: 46321 | F26: 46322 | H26: =IF(OR(ISBLANK(タスク_開始),ISBLANK(タスク_終了)),"",タスク_終了-タスク_開始+1) -> #VALUE!
B27: 2-01.車両ベース選択機能 | C27: 上釜 | D27: 0.8 | E27: 46323 | F27: 46324 | H27: =IF(OR(ISBLANK(タスク_開始),ISBLANK(タスク_終了)),"",タスク_終了-タスク_開始+1) -> #VALUE!
B28: 2-02.ベース車両追加機能 | C28: 和合 | D28: 0.8 | E28: 46326 | F28: 46329 | H28: =IF(OR(ISBLANK(タスク_開始),ISBLANK(タスク_終了)),"",タスク_終了-タスク_開始+1) -> #VALUE!
B29: 2-03.パーツ追加機能 | C29: 和合 | D29: 0.8 | E29: 46330 | F29: 46332 | H29: =IF(OR(ISBLANK(タスク_開始),ISBLANK(タスク_終了)),"",タスク_終了-タスク_開始+1) -> #VALUE!
B30: 2-04.組み合わせ制約機能 | C30: 上釜 | D30: 0.8 | E30: 46329 | F30: 46331 | H30: =IF(OR(ISBLANK(タスク_開始),ISBLANK(タスク_終了)),"",タスク_終了-タスク_開始+1) -> #VALUE!
B31: 2-05.パーツ・塗装選択機能 | C31: 上釜 | D31: 0.8 | E31: 46325 | F31: 46328 | H31: =IF(OR(ISBLANK(タスク_開始),ISBLANK(タスク_終了)),"",タスク_終了-タスク_開始+1) -> #VALUE!
B32: 2-06.取り消し機能 | C32: 江副 | D32: 0.8 | E32: 46323 | F32: 46324 | H32: =IF(OR(ISBLANK(タスク_開始),ISBLANK(タスク_終了)),"",タスク_終了-タスク_開始+1) -> #VALUE!
B33: 2-07.ビフォーアフター比較機能 | C33: 江副 | D33: 0.8 | E33: 46325 | F33: 46328 | H33: =IF(OR(ISBLANK(タスク_開始),ISBLANK(タスク_終了)),"",タスク_終了-タスク_開始+1) -> #VALUE!
B34: 2-08.仕様保存・呼出機能 | C34: 和合 | D34: 0.8 | E34: 46323 | F34: 46325 | H34: =IF(OR(ISBLANK(タスク_開始),ISBLANK(タスク_終了)),"",タスク_終了-タスク_開始+1) -> #VALUE!
B35: 2-09.PDF保存機能 | C35: 江副 | D35: 0.8 | E35: 46329 | F35: 46331 | H35: =IF(OR(ISBLANK(タスク_開始),ISBLANK(タスク_終了)),"",タスク_終了-タスク_開始+1) -> #VALUE!
B36: 2-10.管理者ログイン機能 | C36: 上釜 | D36: 0.8 | E36: 46332 | F36: 46335 | H36: =IF(OR(ISBLANK(タスク_開始),ISBLANK(タスク_終了)),"",タスク_終了-タスク_開始+1) -> #VALUE!
B37: 2-11.○○機能 | H37: =IF(OR(ISBLANK(タスク_開始),ISBLANK(タスク_終了)),"",タスク_終了-タスク_開始+1) -> #VALUE!
B38: 2-12.○○機能 | H38: =IF(OR(ISBLANK(タスク_開始),ISBLANK(タスク_終了)),"",タスク_終了-タスク_開始+1) -> #VALUE!
B39: 2-13.○○機能 | H39: =IF(OR(ISBLANK(タスク_開始),ISBLANK(タスク_終了)),"",タスク_終了-タスク_開始+1) -> #VALUE!
B40: 2-14.○○機能 | H40: =IF(OR(ISBLANK(タスク_開始),ISBLANK(タスク_終了)),"",タスク_終了-タスク_開始+1) -> #VALUE!
B41: 2-15.○○機能 | H41: =IF(OR(ISBLANK(タスク_開始),ISBLANK(タスク_終了)),"",タスク_終了-タスク_開始+1) -> #VALUE!
B42: 2-16.○○機能 | H42: =IF(OR(ISBLANK(タスク_開始),ISBLANK(タスク_終了)),"",タスク_終了-タスク_開始+1) -> #VALUE!
B43: 2-17.○○機能 | H43: =IF(OR(ISBLANK(タスク_開始),ISBLANK(タスク_終了)),"",タスク_終了-タスク_開始+1) -> #VALUE!
B44: 2-18.○○機能 | H44: =IF(OR(ISBLANK(タスク_開始),ISBLANK(タスク_終了)),"",タスク_終了-タスク_開始+1) -> #VALUE!
B45: 2-19.○○機能 | H45: =IF(OR(ISBLANK(タスク_開始),ISBLANK(タスク_終了)),"",タスク_終了-タスク_開始+1) -> #VALUE!
B46: 2-20.○○機能 | H46: =IF(OR(ISBLANK(タスク_開始),ISBLANK(タスク_終了)),"",タスク_終了-タスク_開始+1) -> #VALUE!
B47: 2-21.○○機能 | H47: =IF(OR(ISBLANK(タスク_開始),ISBLANK(タスク_終了)),"",タスク_終了-タスク_開始+1) -> #VALUE!
B48: 2-22.○○機能 | H48: =IF(OR(ISBLANK(タスク_開始),ISBLANK(タスク_終了)),"",タスク_終了-タスク_開始+1) -> #VALUE!
... B56: 2-30.○○機能 | H56: =IF(OR(ISBLANK(タスク_開始),ISBLANK(タスク_終了)),"",タスク_終了-タスク_開始+1) -> #VALUE!
A57: サンプル フェーズ タイトル ブロック | B57: 3.画面設計 | H57: =IF(OR(ISBLANK(タスク_開始),ISBLANK(タスク_終了)),"",タスク_終了-タスク_開始+1)
B58: 画面一覧の洗い出し | C58: 江副 | D58: 0.8 | E58: 46321 | F58: 46323 | H58: =IF(OR(ISBLANK(タスク_開始),ISBLANK(タスク_終了)),"",タスク_終了-タスク_開始+1) -> #VALUE!
B59: 画面遷移図 | C59: 江副 | D59: 0.8 | E59: 46324 | F59: 46325 | H59: =IF(OR(ISBLANK(タスク_開始),ISBLANK(タスク_終了)),"",タスク_終了-タスク_開始+1) -> #VALUE!
B60: 画面項目定義 | C60: 全員 | D60: 0.8 | E60: 46330 | F60: 46338 | H60: =IF(OR(ISBLANK(タスク_開始),ISBLANK(タスク_終了)),"",タスク_終了-タスク_開始+1) -> #VALUE!
B61: 3-01.カスタム画面（SCR-01） | C61: 江副 | D61: 0.8 | E61: 46330 | F61: 46332 | H61: =IF(OR(ISBLANK(タスク_開始),ISBLANK(タスク_終了)),"",タスク_終了-タスク_開始+1) -> #VALUE!
B62: 3-02.比較画面（SCR-02） | C62: 江副 | D62: 0.8 | E62: 46332 | F62: 46335 | H62: =IF(OR(ISBLANK(タスク_開始),ISBLANK(タスク_終了)),"",タスク_終了-タスク_開始+1) -> #VALUE!
B63: 3-03.保存一覧画面（SCR-03） | C63: 和合 | D63: 0.8 | E63: 46332 | F63: 46335 | H63: =IF(OR(ISBLANK(タスク_開始),ISBLANK(タスク_終了)),"",タスク_終了-タスク_開始+1) -> #VALUE!
B64: 3-04.PDF出力画面（SCR-04） | C64: 江副 | D64: 0.8 | E64: 46335 | F64: 46336 | H64: =IF(OR(ISBLANK(タスク_開始),ISBLANK(タスク_終了)),"",タスク_終了-タスク_開始+1) -> #VALUE!
B65: 3-05.管理者ログイン画面（SCR-05） | C65: 上釜 | D65: 0.8 | E65: 46335 | F65: 46336 | H65: =IF(OR(ISBLANK(タスク_開始),ISBLANK(タスク_終了)),"",タスク_終了-タスク_開始+1) -> #VALUE!
B66: 3-06.ベース車両追加画面（SCR-06） | C66: 和合 | D66: 0.8 | E66: 46335 | F66: 46337 | H66: =IF(OR(ISBLANK(タスク_開始),ISBLANK(タスク_終了)),"",タスク_終了-タスク_開始+1) -> #VALUE!
B67: 3-07.パーツ追加画面（SCR-07） | C67: 和合 | D67: 0.8 | E67: 46336 | F67: 46338 | H67: =IF(OR(ISBLANK(タスク_開始),ISBLANK(タスク_終了)),"",タスク_終了-タスク_開始+1) -> #VALUE!
B68: 3-08.○○機能画面 | H68: =IF(OR(ISBLANK(タスク_開始),ISBLANK(タスク_終了)),"",タスク_終了-タスク_開始+1) -> #VALUE!
B69: 3-09.○○機能画面 | H69: =IF(OR(ISBLANK(タスク_開始),ISBLANK(タスク_終了)),"",タスク_終了-タスク_開始+1) -> #VALUE!
B70: 3-10.○○機能画面 | H70: =IF(OR(ISBLANK(タスク_開始),ISBLANK(タスク_終了)),"",タスク_終了-タスク_開始+1) -> #VALUE!
B71: 3-11.○○機能画面 | H71: =IF(OR(ISBLANK(タスク_開始),ISBLANK(タスク_終了)),"",タスク_終了-タスク_開始+1) -> #VALUE!
B72: 3-12.○○機能画面 | H72: =IF(OR(ISBLANK(タスク_開始),ISBLANK(タスク_終了)),"",タスク_終了-タスク_開始+1) -> #VALUE!
B73: 3-13.○○機能画面 | H73: =IF(OR(ISBLANK(タスク_開始),ISBLANK(タスク_終了)),"",タスク_終了-タスク_開始+1) -> #VALUE!
B74: 3-14.○○機能画面 | H74: =IF(OR(ISBLANK(タスク_開始),ISBLANK(タスク_終了)),"",タスク_終了-タスク_開始+1) -> #VALUE!
B75: 3-15.○○機能画面 | H75: =IF(OR(ISBLANK(タスク_開始),ISBLANK(タスク_終了)),"",タスク_終了-タスク_開始+1) -> #VALUE!
B76: 3-16.○○機能画面 | H76: =IF(OR(ISBLANK(タスク_開始),ISBLANK(タスク_終了)),"",タスク_終了-タスク_開始+1) -> #VALUE!
B77: 3-17.○○機能画面 | H77: =IF(OR(ISBLANK(タスク_開始),ISBLANK(タスク_終了)),"",タスク_終了-タスク_開始+1) -> #VALUE!
B78: 3-18.○○機能画面 | H78: =IF(OR(ISBLANK(タスク_開始),ISBLANK(タスク_終了)),"",タスク_終了-タスク_開始+1) -> #VALUE!
B79: 3-19.○○機能画面 | H79: =IF(OR(ISBLANK(タスク_開始),ISBLANK(タスク_終了)),"",タスク_終了-タスク_開始+1) -> #VALUE!
... B90: 3-30.○○機能画面 | H90: =IF(OR(ISBLANK(タスク_開始),ISBLANK(タスク_終了)),"",タスク_終了-タスク_開始+1) -> #VALUE!
A91: サンプル フェーズ タイトル ブロック | B91: 4.データベース設計 | H91: =IF(OR(ISBLANK(タスク_開始),ISBLANK(タスク_終了)),"",タスク_終了-タスク_開始+1)
B92: テーブル定義 | C92: 和合 | D92: 0.8 | E92: 46321 | F92: 46332 | H92: =IF(OR(ISBLANK(タスク_開始),ISBLANK(タスク_終了)),"",タスク_終了-タスク_開始+1) -> #VALUE!
B93: ER図 | C93: 和合 | D93: 0.8 | E93: 46321 | F93: 46323 | H93: =IF(OR(ISBLANK(タスク_開始),ISBLANK(タスク_終了)),"",タスク_終了-タスク_開始+1) -> #VALUE!
B94: 4-01.ベース車両テーブル（T_vehicles） | C94: 和合 | D94: 0.8 | E94: 46323 | F94: 46324 | H94: =IF(OR(ISBLANK(タスク_開始),ISBLANK(タスク_終了)),"",タスク_終了-タスク_開始+1) -> #VALUE!
B95: 4-02.部位テーブル（T_part_slots） | C95: 和合 | D95: 0.8 | E95: 46323 | F95: 46324 | H95: =IF(OR(ISBLANK(タスク_開始),ISBLANK(タスク_終了)),"",タスク_終了-タスク_開始+1) -> #VALUE!
B96: 4-03.パーツテーブル（T_parts） | C96: 和合 | D96: 0.8 | E96: 46325 | F96: 46328 | H96: =IF(OR(ISBLANK(タスク_開始),ISBLANK(タスク_終了)),"",タスク_終了-タスク_開始+1) -> #VALUE!
B97: 4-04.塗装部位テーブル（T_paint_slots） | C97: 和合 | D97: 0.8 | E97: 46325 | F97: 46328 | H97: =IF(OR(ISBLANK(タスク_開始),ISBLANK(タスク_終了)),"",タスク_終了-タスク_開始+1) -> #VALUE!
B98: 4-05.塗装部位の色テーブル（T_palette_colors） | C98: 和合 | D98: 0.8 | E98: 46325 | F98: 46328 | H98: =IF(OR(ISBLANK(タスク_開始),ISBLANK(タスク_終了)),"",タスク_終了-タスク_開始+1) -> #VALUE!
B99: 4-06.組み合わせ制約テーブル（T_constraints） | C99: 和合 | D99: 0.8 | E99: 46328 | F99: 46330 | H99: =IF(OR(ISBLANK(タスク_開始),ISBLANK(タスク_終了)),"",タスク_終了-タスク_開始+1) -> #VALUE!
B100: 4-07.仕様テーブル（T_build_specs） | C100: 和合 | D100: 0.8 | E100: 46328 | F100: 46330 | H100: =IF(OR(ISBLANK(タスク_開始),ISBLANK(タスク_終了)),"",タスク_終了-タスク_開始+1) -> #VALUE!
B101: 4-08.仕様（パーツ）テーブル（T_build_spec_parts） | C101: 和合 | D101: 0.8 | E101: 46330 | F101: 46331 | H101: =IF(OR(ISBLANK(タスク_開始),ISBLANK(タスク_終了)),"",タスク_終了-タスク_開始+1) -> #VALUE!
B102: 4-09.仕様（塗装部位の色）テーブル（T_build_spec_colors） | C102: 和合 | D102: 0.8 | E102: 46330 | F102: 46331 | H102: =IF(OR(ISBLANK(タスク_開始),ISBLANK(タスク_終了)),"",タスク_終了-タスク_開始+1) -> #VALUE!
B103: 4-10.名付け保存した仕様テーブル（T_saved_builds） | C103: 和合 | D103: 0.8 | E103: 46331 | F103: 46332 | H103: =IF(OR(ISBLANK(タスク_開始),ISBLANK(タスク_終了)),"",タスク_終了-タスク_開始+1) -> #VALUE!
... B106: 4-13.テーブル作成SQL（DDL）・初期データ | C106: 和合 | D106: 0.8 | E106: 46335 | F106: 46339 | H106: =IF(OR(ISBLANK(タスク_開始),ISBLANK(タスク_終了)),"",タスク_終了-タスク_開始+1) -> #VALUE!
B107: 4-14.○○テーブル（T_xxxx) | H107: =IF(OR(ISBLANK(タスク_開始),ISBLANK(タスク_終了)),"",タスク_終了-タスク_開始+1) -> #VALUE!
B108: 4-15.○○テーブル（T_xxxx) | H108: =IF(OR(ISBLANK(タスク_開始),ISBLANK(タスク_終了)),"",タスク_終了-タスク_開始+1) -> #VALUE!
B109: 4-16.○○テーブル（T_xxxx) | H109: =IF(OR(ISBLANK(タスク_開始),ISBLANK(タスク_終了)),"",タスク_終了-タスク_開始+1) -> #VALUE!
B110: 4-17.○○テーブル（T_xxxx) | H110: =IF(OR(ISBLANK(タスク_開始),ISBLANK(タスク_終了)),"",タスク_終了-タスク_開始+1) -> #VALUE!
B111: 4-18.○○テーブル（T_xxxx) | H111: =IF(OR(ISBLANK(タスク_開始),ISBLANK(タスク_終了)),"",タスク_終了-タスク_開始+1) -> #VALUE!
B112: 4-19.○○テーブル（T_xxxx) | H112: =IF(OR(ISBLANK(タスク_開始),ISBLANK(タスク_終了)),"",タスク_終了-タスク_開始+1) -> #VALUE!
B113: 4-20.○○テーブル（T_xxxx) | H113: =IF(OR(ISBLANK(タスク_開始),ISBLANK(タスク_終了)),"",タスク_終了-タスク_開始+1) -> #VALUE!
B114: 4-21.○○テーブル（T_xxxx) | H114: =IF(OR(ISBLANK(タスク_開始),ISBLANK(タスク_終了)),"",タスク_終了-タスク_開始+1) -> #VALUE!
B115: 4-22.○○テーブル（T_xxxx) | H115: =IF(OR(ISBLANK(タスク_開始),ISBLANK(タスク_終了)),"",タスク_終了-タスク_開始+1) -> #VALUE!
B116: 4-23.○○テーブル（T_xxxx) | H116: =IF(OR(ISBLANK(タスク_開始),ISBLANK(タスク_終了)),"",タスク_終了-タスク_開始+1) -> #VALUE!
B117: 4-24.○○テーブル（T_xxxx) | H117: =IF(OR(ISBLANK(タスク_開始),ISBLANK(タスク_終了)),"",タスク_終了-タスク_開始+1) -> #VALUE!
B118: 4-25.○○テーブル（T_xxxx) | H118: =IF(OR(ISBLANK(タスク_開始),ISBLANK(タスク_終了)),"",タスク_終了-タスク_開始+1) -> #VALUE!
... B143: 4-50.○○テーブル（T_xxxx) | H143: =IF(OR(ISBLANK(タスク_開始),ISBLANK(タスク_終了)),"",タスク_終了-タスク_開始+1) -> #VALUE!
...

Sheet 2027
A1: このワークシートでプロジェクトのスケジュール​​を作成します。 セル B1 には、このプロジェクトのタイトルを入力します。 このワークシートの使用方法に関する情報 (スクリーン リーダーの説明やブックの作成者など) は、"詳細情報" ワークシートに入ります。 列 A を下方に移動し続けると、さらに多くの情報を確認できます。 | B1: ='2026'!B1&"("&YEAR(プロジェクトの開始)&")" -> 2Dバイクカスタムガレージ(2027) | G1: sotsuken
A2: セル B2 には会社の名前を入力します。 | B2: ='2026'!B2 -> チーム名を入力
A3: セル B3 に、プロジェクト主任の名前を入力します。セル E3 には、プロジェクトの開始日を入力します。プロジェクトの開始: ラベルはセル C3 にあります。 | C3: プロジェクトの開始: | E3: 46391
A4: セル E4 の週表示は、セル I4 のプロジェクトのスケジュールに表示する開始週を表します。プロジェクトの開始日は、第 1 週と見なされます。週表示を変更するには、セル E4 に新しい週番号を入力します。 セル E4 の週表示から始まる各週の開始日は、セル I4 から始まり、自動計算されます。このビューには、セル I4 からセル BF4 までの 8 週間が表示されます。 これらのセルは変更しないでください。 週表示: ラベルはセル C4 にあります。 | C4: 週表示: | E4: 1 | I4: =I5 -> 46391 | P4: =P5 -> 46398 | W4: =W5 -> 46405 | AD4: =AD5 -> 46412 | AK4: =AK5 -> 46419 | AR4: =AR5 -> 46426 | AY4: =AY5 -> 46433 | BF4: =BF5 -> 46440
A5: セル I5 から BL5 には、各日付のセルの上にあるセル ブロック内に表示される週の日付の数字が含まれており、自動的に計算が行われます。 これらのセルは変更しないでください。 今日の日付は、行 5 の今日の日付からプロジェクト スケジュールの最後まで日付列全体が赤 (16 進値 #AD3815) で囲まれます。 | I5: =プロジェクトの開始-WEEKDAY(プロジェクトの開始,1)+2+7*(週表示-1) -> 46391 | J5: =I5+1 -> 46392 | K5: =J5+1 -> 46393 | L5: =K5+1 -> 46394 | M5: =L5+1 -> 46395 | N5: =M5+1 -> 46396 | O5: =N5+1 -> 46397 | P5: =O5+1 -> 46398 | Q5: =P5+1 -> 46399 | ... BL5: =BK5+1 -> 46446
A6: この行には、その下に続くプロジェクトのスケジュールの見出しが含まれます。 コンテンツを読み上げるには、B6 から BL 6 に移動します。その見出しの上にある日付の各曜日の最初の文字が、セル I6 から始まってセル BL6 まで続きます。 すべてのプロジェクトのタイムライン グラフは、条件付き書式を使用して、入力された開始日と終了日に基づいて自動生成されます。 セル I7 から始まる列 I 以降の列のセルの内容を変更しないでください。 | B6: タスク | C6: 担当者 | D6: 進捗状況 | E6: 開始 | F6: 終了 | H6: 日数 | I6: =LEFT(TEXT(I5,"aaa"),1) -> 月 | J6: =LEFT(TEXT(J5,"aaa"),1) -> 火 | K6: =LEFT(TEXT(K5,"aaa"),1) -> 水 | L6: =LEFT(TEXT(L5,"aaa"),1) -> 木 | M6: =LEFT(TEXT(M5,"aaa"),1) -> 金 | N6: =LEFT(TEXT(N5,"aaa"),1) -> 土 | O6: =LEFT(TEXT(O5,"aaa"),1) -> 日 | P6: =LEFT(TEXT(P5,"aaa"),1) -> 月 | ... BL6: =LEFT(TEXT(BL5,"aaa"),1) -> 日
A7: この行は削除しないでください。この行は、プロジェクトのスケジュール内にある現在の日付を強調表示するために使用されている数式を保持するために非表示になっています。 | H7: =IF(OR(ISBLANK(タスク_開始),ISBLANK(タスク_終了)),"",タスク_終了-タスク_開始+1)
A8: セル B8 には、フェーズ 1 のサンプルのタイトルが含まれます。 セル B8 に新しいタイトルを入力します。 プロジェクトに該当する場合は、セル C8 にフェーズを割り当てる名前を入力します。 プロジェクトに該当する場合は、セル D8 にフェーズ全体の進捗状況を入力します。 プロジェクトに該当する場合は、フェーズ全体の開始日と終了日をセル E8 と F8 に入力します。 ガント チャートは自動的に適切な日付を入力し、入力した進捗状況に応じて網かけを設定します。 フェーズを削除してタスクからのみ作業をするには、この行を削除するだけです。 | B8: 1.基本設計書 | H8: =IF(OR(ISBLANK(タスク_開始),ISBLANK(タスク_終了)),"",タスク_終了-タスク_開始+1)
A9: セル B9 には、サンプル タスク "タスク 1" が含まれます。 セル B9 に、新しいタスク名を入力します。 セル C9 にタスクを割り当てるユーザーを入力します。 セル D9 のタスクの進捗状況を入力します。進行状況バーは、セル内に表示され、セルの数に従って網かけを適用します。たとえば、50% の進捗状況はセルの半分に網かけを設定します。 セル E9 にタスクの開始日を入力します。 セル F9 にタスクの終了日を入力します。 入力した日付の網かけのステータス バーは、セル I9 から始まる BL9 までのブロックに表示されます。 | B9: システム構築方針 | C9: ='2026'!C9 | D9: ='2026'!D9 -> 0.8 | E9: ='2026'!E9 -> 46316 | F9: ='2026'!F9 -> 46326 | H9: =IF(OR(ISBLANK(タスク_開始),ISBLANK(タスク_終了)),"",タスク_終了-タスク_開始+1) -> 11
A10: 行 10 から 13 は、行 9 のパターンを繰り返します。 このワークシート内のすべてのタスク行に対し、セル A9 の手順を繰り返します。サンプル データはすべて上書きします。 別のフェーズのサンプルは、セル A14 から始まります。 セル A10 から A13 までにタスクの入力を続けるか、セル A14 に移動して詳細を確認します。 | B10: 制約条件・前提条件 | C10: ='2026'!C10 | D10: ='2026'!D10 -> 0.8 | E10: ='2026'!E10 -> 46316 | F10: ='2026'!F10 -> 46326 | H10: =IF(OR(ISBLANK(タスク_開始),ISBLANK(タスク_終了)),"",タスク_終了-タスク_開始+1) -> 11
B11: システム概要 | C11: ='2026'!C11 | D11: ='2026'!D11 -> 0.6 | E11: ='2026'!E11 -> 46316 | F11: ='2026'!F11 -> 46326 | H11: =IF(OR(ISBLANK(タスク_開始),ISBLANK(タスク_終了)),"",タスク_終了-タスク_開始+1) -> 11
B12: システム構成 | C12: ='2026'!C12 | D12: ='2026'!D12 -> 0.6 | E12: ='2026'!E12 -> 46316 | F12: ='2026'!F12 -> 46326 | H12: =IF(OR(ISBLANK(タスク_開始),ISBLANK(タスク_終了)),"",タスク_終了-タスク_開始+1) -> 11
B13: 機能設計（詳細は、2.機能設計） | C13: ='2026'!C13 -> 全員 | D13: ='2026'!D13 -> 0 | E13: ='2026'!E13 -> 46316 | F13: ='2026'!F13 -> 46339 | H13: =IF(OR(ISBLANK(タスク_開始),ISBLANK(タスク_終了)),"",タスク_終了-タスク_開始+1) -> 24
B14: 画面設計（詳細は、3.画面設計） | C14: ='2026'!C14 -> 全員 | D14: ='2026'!D14 -> 0 | E14: ='2026'!E14 -> 46316 | F14: ='2026'!F14 -> 46339 | H14: =IF(OR(ISBLANK(タスク_開始),ISBLANK(タスク_終了)),"",タスク_終了-タスク_開始+1) -> 24
B15: 帳票設計 | C15: ='2026'!C15 | D15: ='2026'!D15 -> 0 | E15: ='2026'!E15 -> 46316 | F15: ='2026'!F15 -> 46339 | H15: =IF(OR(ISBLANK(タスク_開始),ISBLANK(タスク_終了)),"",タスク_終了-タスク_開始+1) -> 24
B16: DB設計（詳細は、4.DB設計） | C16: ='2026'!C16 -> 全員 | D16: ='2026'!D16 -> 0 | E16: ='2026'!E16 -> 46316 | F16: ='2026'!F16 -> 46339 | H16: =IF(OR(ISBLANK(タスク_開始),ISBLANK(タスク_終了)),"",タスク_終了-タスク_開始+1) -> 24
B17: コード設計（詳細は、5.コード設計） | C17: ='2026'!C17 -> 全員 | D17: ='2026'!D17 -> 0 | E17: ='2026'!E17 -> 46316 | F17: ='2026'!F17 -> 46339 | H17: =IF(OR(ISBLANK(タスク_開始),ISBLANK(タスク_終了)),"",タスク_終了-タスク_開始+1) -> 24
B18: 性能・運用・信頼性設計（詳細は、6.性能・運用設計） | C18: ='2026'!C18 -> 全員 | D18: ='2026'!D18 -> 0 | E18: ='2026'!E18 -> 46316 | F18: ='2026'!F18 -> 46339 | H18: =IF(OR(ISBLANK(タスク_開始),ISBLANK(タスク_終了)),"",タスク_終了-タスク_開始+1) -> 24
B19: 各種設計図（詳細は、7.設計図） | C19: ='2026'!C19 -> 全員 | D19: ='2026'!D19 -> 0 | E19: ='2026'!E19 -> 46316 | F19: ='2026'!F19 -> 46356 | H19: =IF(OR(ISBLANK(タスク_開始),ISBLANK(タスク_終了)),"",タスク_終了-タスク_開始+1) -> 41
B20: プログラミング（詳細は、8.プログラミング） | C20: ='2026'!C20 -> 全員 | D20: ='2026'!D20 -> 0 | E20: ='2026'!E20 -> 46327 | F20: ='2026'!F20 -> 46402 | H20: =IF(OR(ISBLANK(タスク_開始),ISBLANK(タスク_終了)),"",タスク_終了-タスク_開始+1) -> 76
B21: 各種テスト（詳細は、9.各種テスト） | C21: ='2026'!C21 -> 全員 | D21: ='2026'!D21 -> 0 | E21: ='2026'!E21 -> 46327 | F21: ='2026'!F21 -> 46402 | H21: =IF(OR(ISBLANK(タスク_開始),ISBLANK(タスク_終了)),"",タスク_終了-タスク_開始+1) -> 76
B22: 発表準備（詳細は、10.発表準備） | C22: ='2026'!C22 -> 全員 | D22: ='2026'!D22 -> 0 | E22: ='2026'!E22 -> 46405 | F22: ='2026'!F22 -> 46409 | H22: =IF(OR(ISBLANK(タスク_開始),ISBLANK(タスク_終了)),"",タスク_終了-タスク_開始+1) -> 5
... B24: 外部発表 | C24: ='2026'!C24 -> － | D24: ='2026'!D24 -> 0 | E24: ='2026'!E24 -> 46427 | F24: ='2026'!F24 -> 46427 | H24: =IF(OR(ISBLANK(タスク_開始),ISBLANK(タスク_終了)),"",タスク_終了-タスク_開始+1) -> 1
A25: 右のセルには、フェーズ 2 のサンプルのタイトルが含まれます。 B 列に、いつでも新しいフェーズを作成できます。このプロジェクトのスケジュールには、フェーズは不要です。フェーズを削除するには、行を削除するだけです。 この行に新しいフェーズ ブロックを作成するには、右のセルに新しいタイトルを入力します。 上記のフェーズにタスクの追加を続けるには、この行の 1 つ上に新しい行を入力し、セル A9 の説明のようにタスク データを入力します。 セル A8 の説明に基づいて右側のセルのフェーズの詳細情報を更新します。 詳細については、A 列のセルを下に移動します。 このワークシートに新しい行を追加していない場合は、セル B20 と B26 に 2 つの追加のサンプル フェーズ ブロックが作成され表示されます。それ以外の場合、A 列のセルを移動して追加のブロックを探します。 必要に応じて、セル A8 と A9 の手順を繰り返します。 | B25: 2.機能設計 | H25: =IF(OR(ISBLANK(タスク_開始),ISBLANK(タスク_終了)),"",タスク_終了-タスク_開始+1)
B26: ='2026'!B26 -> 機能一覧の洗い出し | C26: ='2026'!C26 | D26: ='2026'!D26 | E26: ='2026'!E26 | F26: ='2026'!F26 | H26: =IF(OR(ISBLANK(タスク_開始),ISBLANK(タスク_終了)),"",タスク_終了-タスク_開始+1) -> #VALUE!
B27: ='2026'!B27 -> 2-01.車両ベース選択機能 | C27: ='2026'!C27 | D27: ='2026'!D27 | E27: ='2026'!E27 | F27: ='2026'!F27 | H27: =IF(OR(ISBLANK(タスク_開始),ISBLANK(タスク_終了)),"",タスク_終了-タスク_開始+1) -> #VALUE!
B28: ='2026'!B28 -> 2-02.ベース車両追加機能 | C28: ='2026'!C28 | D28: ='2026'!D28 | E28: ='2026'!E28 | F28: ='2026'!F28 | H28: =IF(OR(ISBLANK(タスク_開始),ISBLANK(タスク_終了)),"",タスク_終了-タスク_開始+1) -> #VALUE!
B29: ='2026'!B29 -> 2-03.パーツ追加機能 | C29: ='2026'!C29 | D29: ='2026'!D29 | E29: ='2026'!E29 | F29: ='2026'!F29 | H29: =IF(OR(ISBLANK(タスク_開始),ISBLANK(タスク_終了)),"",タスク_終了-タスク_開始+1) -> #VALUE!
B30: ='2026'!B30 -> 2-04.組み合わせ制約機能 | C30: ='2026'!C30 | D30: ='2026'!D30 | E30: ='2026'!E30 | F30: ='2026'!F30 | H30: =IF(OR(ISBLANK(タスク_開始),ISBLANK(タスク_終了)),"",タスク_終了-タスク_開始+1) -> #VALUE!
B31: ='2026'!B31 -> 2-05.パーツ・塗装選択機能 | C31: ='2026'!C31 | D31: ='2026'!D31 | E31: ='2026'!E31 | F31: ='2026'!F31 | H31: =IF(OR(ISBLANK(タスク_開始),ISBLANK(タスク_終了)),"",タスク_終了-タスク_開始+1) -> #VALUE!
B32: ='2026'!B32 -> 2-06.取り消し機能 | C32: ='2026'!C32 | D32: ='2026'!D32 | E32: ='2026'!E32 | F32: ='2026'!F32 | H32: =IF(OR(ISBLANK(タスク_開始),ISBLANK(タスク_終了)),"",タスク_終了-タスク_開始+1) -> #VALUE!
B33: ='2026'!B33 -> 2-07.ビフォーアフター比較機能 | C33: ='2026'!C33 | D33: ='2026'!D33 | E33: ='2026'!E33 | F33: ='2026'!F33 | H33: =IF(OR(ISBLANK(タスク_開始),ISBLANK(タスク_終了)),"",タスク_終了-タスク_開始+1) -> #VALUE!
B34: ='2026'!B34 -> 2-08.仕様保存・呼出機能 | C34: ='2026'!C34 | D34: ='2026'!D34 | E34: ='2026'!E34 | F34: ='2026'!F34 | H34: =IF(OR(ISBLANK(タスク_開始),ISBLANK(タスク_終了)),"",タスク_終了-タスク_開始+1) -> #VALUE!
B35: ='2026'!B35 -> 2-09.PDF保存機能 | C35: ='2026'!C35 | D35: ='2026'!D35 | E35: ='2026'!E35 | F35: ='2026'!F35 | H35: =IF(OR(ISBLANK(タスク_開始),ISBLANK(タスク_終了)),"",タスク_終了-タスク_開始+1) -> #VALUE!
B36: ='2026'!B36 -> 2-10.共有機能 | C36: ='2026'!C36 | D36: ='2026'!D36 | E36: ='2026'!E36 | F36: ='2026'!F36 | H36: =IF(OR(ISBLANK(タスク_開始),ISBLANK(タスク_終了)),"",タスク_終了-タスク_開始+1) -> #VALUE!
B37: ='2026'!B37 -> 2-11.○○機能 | C37: ='2026'!C37 | D37: ='2026'!D37 | E37: ='2026'!E37 | F37: ='2026'!F37 | H37: =IF(OR(ISBLANK(タスク_開始),ISBLANK(タスク_終了)),"",タスク_終了-タスク_開始+1) -> #VALUE!
... B56: ='2026'!B56 -> 2-30.○○機能 | C56: ='2026'!C56 | D56: ='2026'!D56 | E56: ='2026'!E56 | F56: ='2026'!F56 | H56: =IF(OR(ISBLANK(タスク_開始),ISBLANK(タスク_終了)),"",タスク_終了-タスク_開始+1) -> #VALUE!
A57: サンプル フェーズ タイトル ブロック | B57: 3.画面設計 | H57: =IF(OR(ISBLANK(タスク_開始),ISBLANK(タスク_終了)),"",タスク_終了-タスク_開始+1)
B58: ='2026'!B58 -> 画面一覧の洗い出し | C58: ='2026'!C58 | D58: ='2026'!D58 | E58: ='2026'!E58 | F58: ='2026'!F58 | H58: =IF(OR(ISBLANK(タスク_開始),ISBLANK(タスク_終了)),"",タスク_終了-タスク_開始+1) -> #VALUE!
B59: ='2026'!B59 -> 画面遷移図 | C59: ='2026'!C59 | D59: ='2026'!D59 | E59: ='2026'!E59 | F59: ='2026'!F59 | H59: =IF(OR(ISBLANK(タスク_開始),ISBLANK(タスク_終了)),"",タスク_終了-タスク_開始+1) -> #VALUE!
B60: ='2026'!B60 -> 画面項目定義 | C60: ='2026'!C60 | D60: ='2026'!D60 | E60: ='2026'!E60 | F60: ='2026'!F60 | H60: =IF(OR(ISBLANK(タスク_開始),ISBLANK(タスク_終了)),"",タスク_終了-タスク_開始+1) -> #VALUE!
B61: ='2026'!B61 -> 3-01.○○機能画面 | C61: ='2026'!C61 | D61: ='2026'!D61 | E61: ='2026'!E61 | F61: ='2026'!F61 | H61: =IF(OR(ISBLANK(タスク_開始),ISBLANK(タスク_終了)),"",タスク_終了-タスク_開始+1) -> #VALUE!
B62: ='2026'!B62 -> 3-02.○○機能画面 | C62: ='2026'!C62 | D62: ='2026'!D62 | E62: ='2026'!E62 | F62: ='2026'!F62 | H62: =IF(OR(ISBLANK(タスク_開始),ISBLANK(タスク_終了)),"",タスク_終了-タスク_開始+1) -> #VALUE!
B63: ='2026'!B63 -> 3-03.○○機能画面 | C63: ='2026'!C63 | D63: ='2026'!D63 | E63: ='2026'!E63 | F63: ='2026'!F63 | H63: =IF(OR(ISBLANK(タスク_開始),ISBLANK(タスク_終了)),"",タスク_終了-タスク_開始+1) -> #VALUE!
B64: ='2026'!B64 -> 3-04.○○機能画面 | C64: ='2026'!C64 | D64: ='2026'!D64 | E64: ='2026'!E64 | F64: ='2026'!F64 | H64: =IF(OR(ISBLANK(タスク_開始),ISBLANK(タスク_終了)),"",タスク_終了-タスク_開始+1) -> #VALUE!
B65: ='2026'!B65 -> 3-05.○○機能画面 | C65: ='2026'!C65 | D65: ='2026'!D65 | E65: ='2026'!E65 | F65: ='2026'!F65 | H65: =IF(OR(ISBLANK(タスク_開始),ISBLANK(タスク_終了)),"",タスク_終了-タスク_開始+1) -> #VALUE!
B66: ='2026'!B66 -> 3-06.○○機能画面 | C66: ='2026'!C66 | D66: ='2026'!D66 | E66: ='2026'!E66 | F66: ='2026'!F66 | H66: =IF(OR(ISBLANK(タスク_開始),ISBLANK(タスク_終了)),"",タスク_終了-タスク_開始+1) -> #VALUE!
B67: ='2026'!B67 -> 3-07.○○機能画面 | C67: ='2026'!C67 | D67: ='2026'!D67 | E67: ='2026'!E67 | F67: ='2026'!F67 | H67: =IF(OR(ISBLANK(タスク_開始),ISBLANK(タスク_終了)),"",タスク_終了-タスク_開始+1) -> #VALUE!
B68: ='2026'!B68 -> 3-08.○○機能画面 | C68: ='2026'!C68 | D68: ='2026'!D68 | E68: ='2026'!E68 | F68: ='2026'!F68 | H68: =IF(OR(ISBLANK(タスク_開始),ISBLANK(タスク_終了)),"",タスク_終了-タスク_開始+1) -> #VALUE!
B69: ='2026'!B69 -> 3-09.○○機能画面 | C69: ='2026'!C69 | D69: ='2026'!D69 | E69: ='2026'!E69 | F69: ='2026'!F69 | H69: =IF(OR(ISBLANK(タスク_開始),ISBLANK(タスク_終了)),"",タスク_終了-タスク_開始+1) -> #VALUE!
... B90: ='2026'!B90 -> 3-30.○○機能画面 | C90: ='2026'!C90 | D90: ='2026'!D90 | E90: ='2026'!E90 | F90: ='2026'!F90 | H90: =IF(OR(ISBLANK(タスク_開始),ISBLANK(タスク_終了)),"",タスク_終了-タスク_開始+1) -> #VALUE!
A91: サンプル フェーズ タイトル ブロック | B91: 4.データベース設計 | H91: =IF(OR(ISBLANK(タスク_開始),ISBLANK(タスク_終了)),"",タスク_終了-タスク_開始+1)
B92: ='2026'!B92 -> テーブル定義 | C92: ='2026'!C92 | D92: ='2026'!D92 | E92: ='2026'!E92 | F92: ='2026'!F92 | H92: =IF(OR(ISBLANK(タスク_開始),ISBLANK(タスク_終了)),"",タスク_終了-タスク_開始+1) -> #VALUE!
B93: ='2026'!B93 -> ER図 | C93: ='2026'!C93 | D93: ='2026'!D93 | E93: ='2026'!E93 | F93: ='2026'!F93 | H93: =IF(OR(ISBLANK(タスク_開始),ISBLANK(タスク_終了)),"",タスク_終了-タスク_開始+1) -> #VALUE!
B94: ='2026'!B94 -> 4-01.ベース車両テーブル（T_vehicles) | C94: ='2026'!C94 | D94: ='2026'!D94 | E94: ='2026'!E94 | F94: ='2026'!F94 | H94: =IF(OR(ISBLANK(タスク_開始),ISBLANK(タスク_終了)),"",タスク_終了-タスク_開始+1) -> #VALUE!
B95: ='2026'!B95 -> 4-02.部位テーブル（T_part_slots) | C95: ='2026'!C95 | D95: ='2026'!D95 | E95: ='2026'!E95 | F95: ='2026'!F95 | H95: =IF(OR(ISBLANK(タスク_開始),ISBLANK(タスク_終了)),"",タスク_終了-タスク_開始+1) -> #VALUE!
B96: ='2026'!B96 -> 4-03.パーツテーブル（T_parts) | C96: ='2026'!C96 | D96: ='2026'!D96 | E96: ='2026'!E96 | F96: ='2026'!F96 | H96: =IF(OR(ISBLANK(タスク_開始),ISBLANK(タスク_終了)),"",タスク_終了-タスク_開始+1) -> #VALUE!
B97: ='2026'!B97 -> 4-04.塗装部分テーブル（T_paint_slots) | C97: ='2026'!C97 | D97: ='2026'!D97 | E97: ='2026'!E97 | F97: ='2026'!F97 | H97: =IF(OR(ISBLANK(タスク_開始),ISBLANK(タスク_終了)),"",タスク_終了-タスク_開始+1) -> #VALUE!
B98: ='2026'!B98 -> 4-05.塗装部位の色テーブル（T_pallette_colors) | C98: ='2026'!C98 | D98: ='2026'!D98 | E98: ='2026'!E98 | F98: ='2026'!F98 | H98: =IF(OR(ISBLANK(タスク_開始),ISBLANK(タスク_終了)),"",タスク_終了-タスク_開始+1) -> #VALUE!
B99: ='2026'!B99 -> 4-06.組み合わせ制約テーブル（T_constraints) | C99: ='2026'!C99 | D99: ='2026'!D99 | E99: ='2026'!E99 | F99: ='2026'!F99 | H99: =IF(OR(ISBLANK(タスク_開始),ISBLANK(タスク_終了)),"",タスク_終了-タスク_開始+1) -> #VALUE!
B100: ='2026'!B100 -> 4-07.仕様テーブル（T_build_spec) | C100: ='2026'!C100 | D100: ='2026'!D100 | E100: ='2026'!E100 | F100: ='2026'!F100 | H100: =IF(OR(ISBLANK(タスク_開始),ISBLANK(タスク_終了)),"",タスク_終了-タスク_開始+1) -> #VALUE!
B101: ='2026'!B101 -> 4-08.仕様（パーツ）テーブル（T_build_spec_parts) | C101: ='2026'!C101 | D101: ='2026'!D101 | E101: ='2026'!E101 | F101: ='2026'!F101 | H101: =IF(OR(ISBLANK(タスク_開始),ISBLANK(タスク_終了)),"",タスク_終了-タスク_開始+1) -> #VALUE!
B102: ='2026'!B102 -> 4-09.仕様（塗装部位の色）テーブル（T_build_spec_colors) | C102: ='2026'!C102 | D102: ='2026'!D102 | E102: ='2026'!E102 | F102: ='2026'!F102 | H102: =IF(OR(ISBLANK(タスク_開始),ISBLANK(タスク_終了)),"",タスク_終了-タスク_開始+1) -> #VALUE!
B103: ='2026'!B103 -> 4-10.名付け保存した仕様テーブル（T_saved_builds) | C103: ='2026'!C103 | D103: ='2026'!D103 | E103: ='2026'!E103 | F103: ='2026'!F103 | H103: =IF(OR(ISBLANK(タスク_開始),ISBLANK(タスク_終了)),"",タスク_終了-タスク_開始+1) -> #VALUE!
... B143: ='2026'!B143 -> 4-50.○○テーブル（T_xxxx) | C143: ='2026'!C143 | D143: ='2026'!D143 | E143: ='2026'!E143 | F143: ='2026'!F143 | H143: =IF(OR(ISBLANK(タスク_開始),ISBLANK(タスク_終了)),"",タスク_終了-タスク_開始+1) -> #VALUE!
A144: サンプル フェーズ タイトル ブロック | B144: 5.コード設計 | H144: =IF(OR(ISBLANK(タスク_開始),ISBLANK(タスク_終了)),"",タスク_終了-タスク_開始+1)
B145: ='2026'!B145 -> 業務コード | C145: ='2026'!C145 | D145: ='2026'!D145 | E145: ='2026'!E145 | F145: ='2026'!F145 | H145: =IF(OR(ISBLANK(タスク_開始),ISBLANK(タスク_終了)),"",タスク_終了-タスク_開始+1) -> #VALUE!
B146: ='2026'!B146 -> システム制御コード | C146: ='2026'!C146 | D146: ='2026'!D146 | E146: ='2026'!E146 | F146: ='2026'!F146 | H146: =IF(OR(ISBLANK(タスク_開始),ISBLANK(タスク_終了)),"",タスク_終了-タスク_開始+1) -> #VALUE!
B147: ='2026'!B147 -> タスク 1 | C147: ='2026'!C147 | D147: ='2026'!D147 | E147: ='2026'!E147 | F147: ='2026'!F147 | H147: =IF(OR(ISBLANK(タスク_開始),ISBLANK(タスク_終了)),"",タスク_終了-タスク_開始+1) -> #VALUE!
B148: ='2026'!B148 -> タスク 2 | C148: ='2026'!C148 | D148: ='2026'!D148 | E148: ='2026'!E148 | F148: ='2026'!F148 | H148: =IF(OR(ISBLANK(タスク_開始),ISBLANK(タスク_終了)),"",タスク_終了-タスク_開始+1) -> #VALUE!
B149: ='2026'!B149 -> タスク 3 | C149: ='2026'!C149 | D149: ='2026'!D149 | E149: ='2026'!E149 | F149: ='2026'!F149 | H149: =IF(OR(ISBLANK(タスク_開始),ISBLANK(タスク_終了)),"",タスク_終了-タスク_開始+1) -> #VALUE!
B150: ='2026'!B150 -> タスク 4 | C150: ='2026'!C150 | D150: ='2026'!D150 | E150: ='2026'!E150 | F150: ='2026'!F150 | H150: =IF(OR(ISBLANK(タスク_開始),ISBLANK(タスク_終了)),"",タスク_終了-タスク_開始+1) -> #VALUE!
B151: ='2026'!B151 -> タスク 5 | C151: ='2026'!C151 | D151: ='2026'!D151 | E151: ='2026'!E151 | F151: ='2026'!F151 | H151: =IF(OR(ISBLANK(タスク_開始),ISBLANK(タスク_終了)),"",タスク_終了-タスク_開始+1) -> #VALUE!
B152: ='2026'!B152 -> タスク 6 | C152: ='2026'!C152 | D152: ='2026'!D152 | E152: ='2026'!E152 | F152: ='2026'!F152 | H152: =IF(OR(ISBLANK(タスク_開始),ISBLANK(タスク_終了)),"",タスク_終了-タスク_開始+1) -> #VALUE!
B153: ='2026'!B153 -> タスク 7 | C153: ='2026'!C153 | D153: ='2026'!D153 | E153: ='2026'!E153 | F153: ='2026'!F153 | H153: =IF(OR(ISBLANK(タスク_開始),ISBLANK(タスク_終了)),"",タスク_終了-タスク_開始+1) -> #VALUE!
B154: ='2026'!B154 -> タスク 8 | C154: ='2026'!C154 | D154: ='2026'!D154 | E154: ='2026'!E154 | F154: ='2026'!F154 | H154: =IF(OR(ISBLANK(タスク_開始),ISBLANK(タスク_終了)),"",タスク_終了-タスク_開始+1) -> #VALUE!
B155: ='2026'!B155 -> タスク 9 | C155: ='2026'!C155 | D155: ='2026'!D155 | E155: ='2026'!E155 | F155: ='2026'!F155 | H155: =IF(OR(ISBLANK(タスク_開始),ISBLANK(タスク_終了)),"",タスク_終了-タスク_開始+1) -> #VALUE!
B156: ='2026'!B156 -> タスク 10 | C156: ='2026'!C156 | D156: ='2026'!D156 | E156: ='2026'!E156 | F156: ='2026'!F156 | H156: =IF(OR(ISBLANK(タスク_開始),ISBLANK(タスク_終了)),"",タスク_終了-タスク_開始+1) -> #VALUE!
A157: サンプル フェーズ タイトル ブロック | B157: 6.性能・運用・信頼性設計 | H157: =IF(OR(ISBLANK(タスク_開始),ISBLANK(タスク_終了)),"",タスク_終了-タスク_開始+1)
B158: ='2026'!B158 -> 性能設計 | C158: ='2026'!C158 | D158: ='2026'!D158 | E158: ='2026'!E158 | F158: ='2026'!F158 | H158: =IF(OR(ISBLANK(タスク_開始),ISBLANK(タスク_終了)),"",タスク_終了-タスク_開始+1) -> #VALUE!
B159: ='2026'!B159 -> 業務内容 | C159: ='2026'!C159 | D159: ='2026'!D159 | E159: ='2026'!E159 | F159: ='2026'!F159 | H159: =IF(OR(ISBLANK(タスク_開始),ISBLANK(タスク_終了)),"",タスク_終了-タスク_開始+1) -> #VALUE!
B160: ='2026'!B160 -> 管理項目 | C160: ='2026'!C160 | D160: ='2026'!D160 | E160: ='2026'!E160 | F160: ='2026'!F160 | H160: =IF(OR(ISBLANK(タスク_開始),ISBLANK(タスク_終了)),"",タスク_終了-タスク_開始+1) -> #VALUE!
B161: ='2026'!B161 -> 運用スケジュール | C161: ='2026'!C161 | D161: ='2026'!D161 | E161: ='2026'!E161 | F161: ='2026'!F161 | H161: =IF(OR(ISBLANK(タスク_開始),ISBLANK(タスク_終了)),"",タスク_終了-タスク_開始+1) -> #VALUE!
B162: ='2026'!B162 -> 信頼性・保守設計 | C162: ='2026'!C162 | D162: ='2026'!D162 | E162: ='2026'!E162 | F162: ='2026'!F162 | H162: =IF(OR(ISBLANK(タスク_開始),ISBLANK(タスク_終了)),"",タスク_終了-タスク_開始+1) -> #VALUE!
A163: サンプル フェーズ タイトル ブロック | B163: 7A.各種設計図（クラス図） | H163: =IF(OR(ISBLANK(タスク_開始),ISBLANK(タスク_終了)),"",タスク_終了-タスク_開始+1)
B164: ='2026'!B164 -> 7A-01.CustomizeScreenクラス（xxxxx） | C164: ='2026'!C164 | D164: ='2026'!D164 | E164: ='2026'!E164 | F164: ='2026'!F164 | H164: =IF(OR(ISBLANK(タスク_開始),ISBLANK(タスク_終了)),"",タスク_終了-タスク_開始+1) -> #VALUE!
B165: ='2026'!B165 -> 7A-02.BikeViewクラス（xxxxx） | C165: ='2026'!C165 | D165: ='2026'!D165 | E165: ='2026'!E165 | F165: ='2026'!F165 | H165: =IF(OR(ISBLANK(タスク_開始),ISBLANK(タスク_終了)),"",タスク_終了-タスク_開始+1) -> #VALUE!
B166: ='2026'!B166 -> 7A-03.CompareViewクラス（xxxxx） | C166: ='2026'!C166 | D166: ='2026'!D166 | E166: ='2026'!E166 | F166: ='2026'!F166 | H166: =IF(OR(ISBLANK(タスク_開始),ISBLANK(タスク_終了)),"",タスク_終了-タスク_開始+1) -> #VALUE!
B167: ='2026'!B167 -> 7A-04.SaveListPanelクラス（xxxxx） | C167: ='2026'!C167 | D167: ='2026'!D167 | E167: ='2026'!E167 | F167: ='2026'!F167 | H167: =IF(OR(ISBLANK(タスク_開始),ISBLANK(タスク_終了)),"",タスク_終了-タスク_開始+1) -> #VALUE!
B168: ='2026'!B168 -> 7A-05.AdminScreenクラス（xxxxx） | C168: ='2026'!C168 | D168: ='2026'!D168 | E168: ='2026'!E168 | F168: ='2026'!F168 | H168: =IF(OR(ISBLANK(タスク_開始),ISBLANK(タスク_終了)),"",タスク_終了-タスク_開始+1) -> #VALUE!
B169: ='2026'!B169 -> 7A-06.PdfDialogクラス（xxxxx） | C169: ='2026'!C169 | D169: ='2026'!D169 | E169: ='2026'!E169 | F169: ='2026'!F169 | H169: =IF(OR(ISBLANK(タスク_開始),ISBLANK(タスク_終了)),"",タスク_終了-タスク_開始+1) -> #VALUE!
B170: ='2026'!B170 -> 7A-07.VehicleSelectorクラス（xxxxx） | C170: ='2026'!C170 | D170: ='2026'!D170 | E170: ='2026'!E170 | F170: ='2026'!F170 | H170: =IF(OR(ISBLANK(タスク_開始),ISBLANK(タスク_終了)),"",タスク_終了-タスク_開始+1) -> #VALUE!
B171: ='2026'!B171 -> 7A-08.VehicleSelectorクラス（xxxxx） | C171: ='2026'!C171 | D171: ='2026'!D171 | E171: ='2026'!E171 | F171: ='2026'!F171 | H171: =IF(OR(ISBLANK(タスク_開始),ISBLANK(タスク_終了)),"",タスク_終了-タスク_開始+1) -> #VALUE!
B172: ='2026'!B172 -> 7A-09.CatalogManagerクラス（xxxxx） | C172: ='2026'!C172 | D172: ='2026'!D172 | E172: ='2026'!E172 | F172: ='2026'!F172 | H172: =IF(OR(ISBLANK(タスク_開始),ISBLANK(タスク_終了)),"",タスク_終了-タスク_開始+1) -> #VALUE!
B173: ='2026'!B173 -> 7A-10.ConstraintCheckerクラス（xxxxx） | C173: ='2026'!C173 | D173: ='2026'!D173 | E173: ='2026'!E173 | F173: ='2026'!F173 | H173: =IF(OR(ISBLANK(タスク_開始),ISBLANK(タスク_終了)),"",タスク_終了-タスク_開始+1) -> #VALUE!
B174: ='2026'!B174 -> 7A-11.CustomizeControllerクラス（xxxxx） | C174: ='2026'!C174 | D174: ='2026'!D174 | E174: ='2026'!E174 | F174: ='2026'!F174 | H174: =IF(OR(ISBLANK(タスク_開始),ISBLANK(タスク_終了)),"",タスク_終了-タスク_開始+1) -> #VALUE!
B175: ='2026'!B175 -> 7A-12.HistoryManagerクラス（xxxxx） | C175: ='2026'!C175 | D175: ='2026'!D175 | E175: ='2026'!E175 | F175: ='2026'!F175 | H175: =IF(OR(ISBLANK(タスク_開始),ISBLANK(タスク_終了)),"",タスク_終了-タスク_開始+1) -> #VALUE!
... B193: ='2026'!B193 -> 7A-30.○○クラス（xxxxx） | C193: ='2026'!C193 | D193: ='2026'!D193 | E193: ='2026'!E193 | F193: ='2026'!F193 | H193: =IF(OR(ISBLANK(タスク_開始),ISBLANK(タスク_終了)),"",タスク_終了-タスク_開始+1) -> #VALUE!
A194: サンプル フェーズ タイトル ブロック | B194: 7B.各種設計図（ユースケース図） | H194: =IF(OR(ISBLANK(タスク_開始),ISBLANK(タスク_終了)),"",タスク_終了-タスク_開始+1)
B195: ='2026'!B195 -> 7B-01.○○クラス（xxxxx） | C195: ='2026'!C195 | D195: ='2026'!D195 | E195: ='2026'!E195 | F195: ='2026'!F195 | H195: =IF(OR(ISBLANK(タスク_開始),ISBLANK(タスク_終了)),"",タスク_終了-タスク_開始+1) -> #VALUE!
...

Sheet 詳細情報
A2: シンプル ガント チャート (Vertex42.com)
A3: https://www.vertex42.com/ExcelTemplates/simple-gantt-chart.html
A4: このテンプレートについて
A5: このテンプレートを使用すると、プロジェクトの視覚化と管理に役立つガント チャートを簡単な方法で作成できます。タスクと開始日、終了日を入力するだけです。数式の入力は必要はありません。ガント チャートのバーは、タスクの期間を表し、条件付き書式を使用して表示されます。新しいタスクを挿入するには、新しい行を挿入します。
A6: スクリーン リーダーのガイド
A7: このブックには 2 つのワークシートがあります。 タイムシート 詳細情報 各ワークシートの説明は、各ワークシートの A 列のセル A1 から始まります。非表示のテキストで書き込まれます。各手順では、その行に含まれる情報について説明しています。明示的な指示がない限り、後続の各手順はセル A2、セル A3 といった順に格納されています。たとえば、説明テキストに、次の手順について "セル A6 に続く" と記載されている場合があります。 この非表示のテキストは印刷されません。 ワークシートからこれらの説明を削除する場合は、A 列を削除するだけです。
A8: その他のヘルプ
A9: 以下のリンクから Vertex42.com にアクセスし、このテンプレートの使用方法を詳しく学びます。たとえば、日数と稼働日の計算、タスクの依存関係を作成する、バーの色の変更、週表示を簡単に変更するためのスクロール バーを追加する方法、グラフに表示される日付範囲の拡大方法など。
A10: シンプル ガント チャートの使用方法
A11: その他のプロジェクト管理テンプレート
A12: Vertex42.com にアクセスして、さまざまな種類のプロジェクト スケジュール、ガント チャート、タスク リストなどのその他のプロジェクト管理テンプレートをダウンロードしてください。
A13: プロジェクト管理テンプレート
... A16: 企業向けには、請求書、タイム シート、在庫管理、財務諸表、プロジェクト計画策定テンプレートがあります。学生と教師向けには、授業計画表、成績表、出席簿などのリソースがあります。献立表、チェックリスト、運動記録を使用して家族の生活を整理しましょう。各テンプレートは、数千のユーザーからのフィードバックを基に時間をかけて十分に研究、調整、改良されたものです。
